Name,Code,Code description,Easting,Northing,Elevation,Description,Longitude,Latitude,Ellipsoidal height,Origin,Easting RMS,Northing RMS,Elevation RMS,Lateral RMS,Antenna height,Antenna height units,Solution status,Correction type,Averaging start,Averaging end,Samples,PDOP,GDOP,Base easting,Base northing,Base elevation,Base longitude,Base latitude,Base ellipsoidal height,Baseline,Mount point,CS name,GPS Satellites,GLONASS Satellites,Galileo Satellites,BeiDou Satellites,QZSS Satellites,Device type,Device serial number
1,,,,,,,4.61940821,50.66886872,181.065,Global,0.267,0.358,0.641,0.446,2.074,m,SINGLE,NONE,2026-03-11 11:04:14.0 UTC+01:00,2026-03-11 11:04:19.0 UTC+01:00,26,1.6,1.9,,,,,,,,,Global CS,,,,,,Reach RS2,824302D372E1EC90
2,,,,,,,4.61941701,50.66887728,182.485,Global,0.202,0.260,0.492,0.329,2.074,m,SINGLE,NONE,2026-03-11 11:05:39.6 UTC+01:00,2026-03-11 11:05:44.6 UTC+01:00,24,1.5,1.8,,,,,,,,,Global CS,,,,,,Reach RS2,824302D372E1EC90
3,,,,,,,4.61943197,50.66890457,182.816,Global,0.181,0.313,0.534,0.362,2.074,m,SINGLE,NONE,2026-03-11 11:06:30.8 UTC+01:00,2026-03-11 11:06:35.8 UTC+01:00,26,1.6,1.9,,,,,,,,,Global CS,,,,,,Reach RS2,824302D372E1EC90
4,,,,,,,4.61942761,50.66893408,182.153,Global,0.161,0.226,0.427,0.277,2.074,m,SINGLE,NONE,2026-03-11 11:06:53.2 UTC+01:00,2026-03-11 11:06:58.2 UTC+01:00,26,1.4,1.6,,,,,,,,,Global CS,,,,,,Reach RS2,824302D372E1EC90
5,,,,,,,4.61938982,50.66893335,180.524,Global,0.160,0.197,0.371,0.254,2.074,m,SINGLE,NONE,2026-03-11 11:07:26.8 UTC+01:00,2026-03-11 11:07:31.8 UTC+01:00,26,1.2,1.5,,,,,,,,,Global CS,,,,,,Reach RS2,824302D372E1EC90
6,,,,,,,4.61938767,50.66891244,180.400,Global,0.178,0.202,0.386,0.270,2.074,m,SINGLE,NONE,2026-03-11 11:07:49.0 UTC+01:00,2026-03-11 11:07:54.0 UTC+01:00,26,1.3,1.5,,,,,,,,,Global CS,,,,,,Reach RS2,824302D372E1EC90
7,,,,,,,4.61938116,50.66888389,181.035,Global,0.213,0.226,0.449,0.310,2.074,m,SINGLE,NONE,2026-03-11 11:08:12.0 UTC+01:00,2026-03-11 11:08:17.0 UTC+01:00,26,1.3,1.6,,,,,,,,,Global CS,,,,,,Reach RS2,824302D372E1EC90
8,,,,,,,4.61937526,50.66885885,181.543,Global,0.223,0.224,0.461,0.316,2.074,m,SINGLE,NONE,2026-03-11 11:08:32.8 UTC+01:00,2026-03-11 11:08:37.8 UTC+01:00,26,1.3,1.5,,,,,,,,,Global CS,,,,,,Reach RS2,824302D372E1EC90
9,,,,,,,4.61934797,50.66885340,181.428,Global,0.205,0.213,0.450,0.295,2.074,m,SINGLE,NONE,2026-03-11 11:08:57.0 UTC+01:00,2026-03-11 11:09:02.0 UTC+01:00,26,1.4,1.6,,,,,,,,,Global CS,,,,,,Reach RS2,824302D372E1EC90
10,,,,,,,4.61934236,50.66888420,181.578,Global,0.150,0.182,0.370,0.236,2.074,m,SINGLE,NONE,2026-03-11 11:09:32.4 UTC+01:00,2026-03-11 11:09:37.4 UTC+01:00,26,1.2,1.4,,,,,,,,,Global CS,,,,,,Reach RS2,824302D372E1EC90
11,,,,,,,4.61934137,50.66890375,181.767,Global,0.160,0.200,0.375,0.256,2.074,m,SINGLE,NONE,2026-03-11 11:10:04.0 UTC+01:00,2026-03-11 11:10:09.0 UTC+01:00,26,1.1,1.3,,,,,,,,,Global CS,,,,,,Reach RS2,824302D372E1EC90
12,,,,,,,4.61933444,50.66892765,181.704,Global,0.156,0.180,0.354,0.238,2.074,m,SINGLE,NONE,2026-03-11 11:10:21.6 UTC+01:00,2026-03-11 11:10:26.6 UTC+01:00,26,1.1,1.3,,,,,,,,,Global CS,,,,,,Reach RS2,824302D372E1EC90
13,,,,,,,4.61926078,50.66884774,181.128,Global,0.161,0.180,0.390,0.242,2.074,m,SINGLE,NONE,2026-03-11 11:11:18.8 UTC+01:00,2026-03-11 11:11:23.8 UTC+01:00,26,1.2,1.4,,,,,,,,,Global CS,,,,,,Reach RS2,824302D372E1EC90
14,,,,,,,4.61922199,50.66885048,182.204,Global,0.166,0.221,0.440,0.276,2.074,m,SINGLE,NONE,2026-03-11 11:11:42.6 UTC+01:00,2026-03-11 11:11:47.6 UTC+01:00,26,1.3,1.5,,,,,,,,,Global CS,,,,,,Reach RS2,824302D372E1EC90
15,,,,,,,4.61917530,50.66885249,182.595,Global,0.159,0.191,0.372,0.249,2.074,m,SINGLE,NONE,2026-03-11 11:12:05.8 UTC+01:00,2026-03-11 11:12:10.8 UTC+01:00,26,1.2,1.4,,,,,,,,,Global CS,,,,,,Reach RS2,824302D372E1EC90
16,,,,,,,4.61914759,50.66887621,182.213,Global,0.191,0.203,0.422,0.278,2.074,m,SINGLE,NONE,2026-03-11 11:12:33.8 UTC+01:00,2026-03-11 11:12:38.8 UTC+01:00,26,1.1,1.3,,,,,,,,,Global CS,,,,,,Reach RS2,824302D372E1EC90
17,,,,,,,4.61919569,50.66887741,182.446,Global,0.180,0.191,0.426,0.263,2.074,m,SINGLE,NONE,2026-03-11 11:12:58.0 UTC+01:00,2026-03-11 11:13:03.0 UTC+01:00,26,1.2,1.5,,,,,,,,,Global CS,,,,,,Reach RS2,824302D372E1EC90
18,,,,,,,4.61923879,50.66887722,182.045,Global,0.179,0.196,0.429,0.266,2.074,m,SINGLE,NONE,2026-03-11 11:13:19.0 UTC+01:00,2026-03-11 11:13:24.0 UTC+01:00,26,1.1,1.3,,,,,,,,,Global CS,,,,,,Reach RS2,824302D372E1EC90
19,,,,,,,4.61926922,50.66889355,181.927,Global,0.160,0.180,0.380,0.241,2.074,m,SINGLE,NONE,2026-03-11 11:13:39.4 UTC+01:00,2026-03-11 11:13:44.4 UTC+01:00,26,1.2,1.4,,,,,,,,,Global CS,,,,,,Reach RS2,824302D372E1EC90
20,,,,,,,4.61922074,50.66889301,181.631,Global,0.172,0.187,0.403,0.254,2.074,m,SINGLE,NONE,2026-03-11 11:13:59.0 UTC+01:00,2026-03-11 11:14:04.0 UTC+01:00,26,1.2,1.5,,,,,,,,,Global CS,,,,,,Reach RS2,824302D372E1EC90
21,,,,,,,4.61917836,50.66889347,181.636,Global,0.189,0.191,0.421,0.269,2.074,m,SINGLE,NONE,2026-03-11 11:14:18.6 UTC+01:00,2026-03-11 11:14:23.6 UTC+01:00,26,1.1,1.3,,,,,,,,,Global CS,,,,,,Reach RS2,824302D372E1EC90
22,,,,,,,4.61916090,50.66891527,181.512,Global,0.190,0.192,0.432,0.270,2.074,m,SINGLE,NONE,2026-03-11 11:14:42.8 UTC+01:00,2026-03-11 11:14:47.9 UTC+01:00,27,1.2,1.4,,,,,,,,,Global CS,,,,,,Reach RS2,824302D372E1EC90
23,,,,,,,4.61920641,50.66891487,181.197,Global,0.170,0.179,0.414,0.247,2.074,m,SINGLE,NONE,2026-03-11 11:15:04.0 UTC+01:00,2026-03-11 11:15:09.0 UTC+01:00,26,1.2,1.4,,,,,,,,,Global CS,,,,,,Reach RS2,824302D372E1EC90
24,,,,,,,4.61924480,50.66891376,180.255,Global,0.152,0.161,0.347,0.221,2.074,m,SINGLE,NONE,2026-03-11 11:15:27.6 UTC+01:00,2026-03-11 11:15:32.6 UTC+01:00,26,1.1,1.3,,,,,,,,,Global CS,,,,,,Reach RS2,824302D372E1EC90
25,,,,,,,4.61925382,50.66893614,179.758,Global,0.150,0.160,0.340,0.220,2.074,m,SINGLE,NONE,2026-03-11 11:16:07.2 UTC+01:00,2026-03-11 11:16:12.2 UTC+01:00,26,1.1,1.3,,,,,,,,,Global CS,,,,,,Reach RS2,824302D372E1EC90
26,,,,,,,4.61921463,50.66893857,179.759,Global,0.150,0.175,0.347,0.231,2.074,m,SINGLE,NONE,2026-03-11 11:16:29.8 UTC+01:00,2026-03-11 11:16:34.8 UTC+01:00,26,1.1,1.2,,,,,,,,,Global CS,,,,,,Reach RS2,824302D372E1EC90
27,,,,,,,4.61918263,50.66894596,179.634,Global,0.150,0.162,0.350,0.221,2.074,m,SINGLE,NONE,2026-03-11 11:16:48.2 UTC+01:00,2026-03-11 11:16:53.2 UTC+01:00,26,1.1,1.3,,,,,,,,,Global CS,,,,,,Reach RS2,824302D372E1EC90
28,,,,,,,4.61920871,50.66896155,178.646,Global,0.180,0.181,0.392,0.255,2.074,m,SINGLE,NONE,2026-03-11 11:17:22.8 UTC+01:00,2026-03-11 11:17:27.8 UTC+01:00,26,1.3,1.6,,,,,,,,,Global CS,,,,,,Reach RS2,824302D372E1EC90
29,,,,,,,4.61924231,50.66896532,178.280,Global,0.182,0.172,0.380,0.250,2.074,m,SINGLE,NONE,2026-03-11 11:17:47.4 UTC+01:00,2026-03-11 11:17:52.4 UTC+01:00,26,1.4,1.6,,,,,,,,,Global CS,,,,,,Reach RS2,824302D372E1EC90
30,,,,,,,4.61926452,50.66897905,177.995,Global,0.185,0.184,0.381,0.261,2.074,m,SINGLE,NONE,2026-03-11 11:18:11.2 UTC+01:00,2026-03-11 11:18:16.2 UTC+01:00,26,1.3,1.6,,,,,,,,,Global CS,,,,,,Reach RS2,824302D372E1EC90
31,,,,,,,4.61923374,50.66898258,177.718,Global,0.193,0.192,0.467,0.273,2.074,m,SINGLE,NONE,2026-03-11 11:18:33.6 UTC+01:00,2026-03-11 11:18:38.6 UTC+01:00,26,1.4,1.7,,,,,,,,,Global CS,,,,,,Reach RS2,824302D372E1EC90
32,,,,,,,4.61923461,50.66898641,179.399,Global,0.211,0.252,0.497,0.329,2.074,m,SINGLE,NONE,2026-03-11 11:19:04.4 UTC+01:00,2026-03-11 11:19:09.4 UTC+01:00,26,1.5,1.8,,,,,,,,,Global CS,,,,,,Reach RS2,824302D372E1EC90
33,,,,,,,4.61925629,50.66899697,178.663,Global,0.169,0.188,0.390,0.253,2.074,m,SINGLE,NONE,2026-03-11 11:19:23.6 UTC+01:00,2026-03-11 11:19:28.6 UTC+01:00,26,1.3,1.5,,,,,,,,,Global CS,,,,,,Reach RS2,824302D372E1EC90
34,,,,,,,4.61926910,50.66901600,178.819,Global,0.131,0.164,0.335,0.209,2.074,m,SINGLE,NONE,2026-03-11 11:19:40.8 UTC+01:00,2026-03-11 11:19:45.8 UTC+01:00,26,1.3,1.6,,,,,,,,,Global CS,,,,,,Reach RS2,824302D372E1EC90
35,,,,,,,4.61923843,50.66902064,179.059,Global,0.161,0.172,0.364,0.235,2.074,m,SINGLE,NONE,2026-03-11 11:19:58.2 UTC+01:00,2026-03-11 11:20:03.2 UTC+01:00,26,1.4,1.6,,,,,,,,,Global CS,,,,,,Reach RS2,824302D372E1EC90
36,,,,,,,4.61924248,50.66904343,178.234,Global,0.137,0.160,0.338,0.211,2.074,m,SINGLE,NONE,2026-03-11 11:20:20.6 UTC+01:00,2026-03-11 11:20:25.6 UTC+01:00,26,1.4,1.7,,,,,,,,,Global CS,,,,,,Reach RS2,824302D372E1EC90
37,,,,,,,4.61925872,50.66905141,177.552,Global,0.131,0.155,0.322,0.203,2.074,m,SINGLE,NONE,2026-03-11 11:20:41.4 UTC+01:00,2026-03-11 11:20:46.4 UTC+01:00,26,1.3,1.5,,,,,,,,,Global CS,,,,,,Reach RS2,824302D372E1EC90
38,,,,,,,4.61925302,50.66906766,177.695,Global,0.120,0.151,0.321,0.193,2.074,m,SINGLE,NONE,2026-03-11 11:21:01.8 UTC+01:00,2026-03-11 11:21:06.8 UTC+01:00,26,1.3,1.5,,,,,,,,,Global CS,,,,,,Reach RS2,824302D372E1EC90
39,,,,,,,4.61931540,50.66893387,180.307,Global,0.122,0.156,0.324,0.198,2.074,m,SINGLE,NONE,2026-03-11 11:22:52.4 UTC+01:00,2026-03-11 11:22:57.4 UTC+01:00,26,1.2,1.4,,,,,,,,,Global CS,,,,,,Reach RS2,824302D372E1EC90
40,,,,,,,4.61931760,50.66893365,179.664,Global,0.120,0.148,0.310,0.191,2.074,m,SINGLE,NONE,2026-03-11 11:23:16.0 UTC+01:00,2026-03-11 11:23:21.0 UTC+01:00,26,1.3,1.6,,,,,,,,,Global CS,,,,,,Reach RS2,824302D372E1EC90
41,,,,,,,4.61931339,50.66893875,179.596,Global,0.149,0.168,0.356,0.224,2.074,m,SINGLE,NONE,2026-03-11 11:23:38.6 UTC+01:00,2026-03-11 11:23:43.6 UTC+01:00,26,1.4,1.7,,,,,,,,,Global CS,,,,,,Reach RS2,824302D372E1EC90
42,,,,,,,4.61938101,50.66893902,180.013,Global,0.123,0.170,0.340,0.210,2.074,m,SINGLE,NONE,2026-03-11 11:24:11.8 UTC+01:00,2026-03-11 11:24:16.8 UTC+01:00,26,1.3,1.6,,,,,,,,,Global CS,,,,,,Reach RS2,824302D372E1EC90
43,,,,,,,4.61938393,50.66893950,180.136,Global,0.140,0.181,0.358,0.229,2.074,m,SINGLE,NONE,2026-03-11 11:24:36.2 UTC+01:00,2026-03-11 11:24:41.2 UTC+01:00,26,1.3,1.5,,,,,,,,,Global CS,,,,,,Reach RS2,824302D372E1EC90
44,,,,,,,4.61938202,50.66894495,180.472,Global,0.141,0.180,0.361,0.229,2.074,m,SINGLE,NONE,2026-03-11 11:24:59.8 UTC+01:00,2026-03-11 11:25:04.8 UTC+01:00,26,1.4,1.6,,,,,,,,,Global CS,,,,,,Reach RS2,824302D372E1EC90
45,,,,,,,4.61945449,50.66894000,180.295,Global,0.163,0.197,0.382,0.255,2.074,m,SINGLE,NONE,2026-03-11 11:25:26.4 UTC+01:00,2026-03-11 11:25:31.4 UTC+01:00,26,1.3,1.5,,,,,,,,,Global CS,,,,,,Reach RS2,824302D372E1EC90
46,,,,,,,4.61945229,50.66893993,179.427,Global,0.140,0.176,0.371,0.225,2.074,m,SINGLE,NONE,2026-03-11 11:25:47.0 UTC+01:00,2026-03-11 11:25:52.0 UTC+01:00,26,1.3,1.6,,,,,,,,,Global CS,,,,,,Reach RS2,824302D372E1EC90
47,,,,,,,4.61944976,50.66894912,179.461,Global,0.151,0.181,0.387,0.235,2.074,m,SINGLE,NONE,2026-03-11 11:26:04.6 UTC+01:00,2026-03-11 11:26:09.6 UTC+01:00,26,1.4,1.6,,,,,,,,,Global CS,,,,,,Reach RS2,824302D372E1EC90
48,,,,,,,4.61944746,50.66895678,180.028,Global,0.190,0.190,0.450,0.269,2.074,m,SINGLE,NONE,2026-03-11 11:26:47.0 UTC+01:00,2026-03-11 11:26:52.0 UTC+01:00,26,1.4,1.6,,,,,,,,,Global CS,,,,,,Reach RS2,824302D372E1EC90
49,,,,,,,4.61944512,50.66897916,180.765,Global,0.155,0.162,0.444,0.225,2.074,m,SINGLE,NONE,2026-03-11 11:27:11.0 UTC+01:00,2026-03-11 11:27:16.0 UTC+01:00,26,1.3,1.5,,,,,,,,,Global CS,,,,,,Reach RS2,824302D372E1EC90
50,,,,,,,4.61938895,50.66897777,181.105,Global,0.141,0.141,0.354,0.199,2.074,m,SINGLE,NONE,2026-03-11 11:27:40.2 UTC+01:00,2026-03-11 11:27:45.2 UTC+01:00,26,1.4,1.6,,,,,,,,,Global CS,,,,,,Reach RS2,824302D372E1EC90
51,,,,,,,4.61938105,50.66895332,180.764,Global,0.130,0.160,0.351,0.206,2.074,m,SINGLE,NONE,2026-03-11 11:28:04.6 UTC+01:00,2026-03-11 11:28:09.6 UTC+01:00,26,1.2,1.5,,,,,,,,,Global CS,,,,,,Reach RS2,824302D372E1EC90
52,,,,,,,4.61931540,50.66894801,180.710,Global,0.122,0.157,0.330,0.199,2.074,m,SINGLE,NONE,2026-03-11 11:28:32.6 UTC+01:00,2026-03-11 11:28:37.6 UTC+01:00,26,1.3,1.5,,,,,,,,,Global CS,,,,,,Reach RS2,824302D372E1EC90
53,,,,,,,4.61931255,50.66896879,180.078,Global,0.130,0.151,0.339,0.199,2.074,m,SINGLE,NONE,2026-03-11 11:28:53.2 UTC+01:00,2026-03-11 11:28:58.2 UTC+01:00,26,1.3,1.6,,,,,,,,,Global CS,,,,,,Reach RS2,824302D372E1EC90
54,,,,,,,4.61931096,50.66896989,178.867,Global,0.132,0.153,0.344,0.202,2.074,m,SINGLE,NONE,2026-03-11 11:29:12.6 UTC+01:00,2026-03-11 11:29:17.6 UTC+01:00,26,1.4,1.7,,,,,,,,,Global CS,,,,,,Reach RS2,824302D372E1EC90
55,,,,,,,4.61930739,50.66897858,178.335,Global,0.130,0.148,0.321,0.197,2.074,m,SINGLE,NONE,2026-03-11 11:29:37.0 UTC+01:00,2026-03-11 11:29:42.0 UTC+01:00,26,1.4,1.6,,,,,,,,,Global CS,,,,,,Reach RS2,824302D372E1EC90
56,,,,,,,4.61936254,50.66897989,178.586,Global,0.123,0.131,0.312,0.179,2.074,m,SINGLE,NONE,2026-03-11 11:30:04.0 UTC+01:00,2026-03-11 11:30:09.0 UTC+01:00,26,1.2,1.5,,,,,,,,,Global CS,,,,,,Reach RS2,824302D372E1EC90
57,,,,,,,4.61936094,50.66897379,178.467,Global,0.120,0.130,0.320,0.177,2.074,m,SINGLE,NONE,2026-03-11 11:30:29.0 UTC+01:00,2026-03-11 11:30:29.6 UTC+01:00,4,1.3,1.6,,,,,,,,,Global CS,,,,,,Reach RS2,824302D372E1EC90
58,,,,,,,4.61935986,50.66897477,178.336,Global,0.123,0.135,0.322,0.182,2.074,m,SINGLE,NONE,2026-03-11 11:30:31.8 UTC+01:00,2026-03-11 11:30:36.8 UTC+01:00,26,1.3,1.6,,,,,,,,,Global CS,,,,,,Reach RS2,824302D372E1EC90
59,,,,,,,4.61944000,50.66898038,178.427,Global,0.145,0.140,0.380,0.202,2.074,m,SINGLE,NONE,2026-03-11 11:30:54.8 UTC+01:00,2026-03-11 11:30:59.8 UTC+01:00,26,1.3,1.5,,,,,,,,,Global CS,,,,,,Reach RS2,824302D372E1EC90
60,,,,,,,4.61944917,50.66898748,180.467,Global,0.150,0.155,0.419,0.216,2.074,m,SINGLE,NONE,2026-03-11 11:31:27.0 UTC+01:00,2026-03-11 11:31:32.0 UTC+01:00,26,1.2,1.4,,,,,,,,,Global CS,,,,,,Reach RS2,824302D372E1EC90
61,,,,,,,4.61944146,50.66899116,179.694,Global,0.180,0.185,0.462,0.258,2.074,m,SINGLE,NONE,2026-03-11 11:31:52.0 UTC+01:00,2026-03-11 11:31:57.0 UTC+01:00,26,1.3,1.6,,,,,,,,,Global CS,,,,,,Reach RS2,824302D372E1EC90
62,,,,,,,4.61938184,50.66898980,179.771,Global,0.140,0.140,0.360,0.198,2.074,m,SINGLE,NONE,2026-03-11 11:32:19.4 UTC+01:00,2026-03-11 11:32:24.4 UTC+01:00,26,1.4,1.6,,,,,,,,,Global CS,,,,,,Reach RS2,824302D372E1EC90
63,,,,,,,4.61931063,50.66898421,178.347,Global,0.131,0.142,0.358,0.193,2.074,m,SINGLE,NONE,2026-03-11 11:32:48.8 UTC+01:00,2026-03-11 11:32:53.8 UTC+01:00,26,1.4,1.6,,,,,,,,,Global CS,,,,,,Reach RS2,824302D372E1EC90
64,,,,,,,4.61931279,50.66900510,177.468,Global,0.133,0.131,0.327,0.187,2.074,m,SINGLE,NONE,2026-03-11 11:33:12.0 UTC+01:00,2026-03-11 11:33:17.0 UTC+01:00,26,1.3,1.6,,,,,,,,,Global CS,,,,,,Reach RS2,824302D372E1EC90
65,,,,,,,4.61936012,50.66900742,177.288,Global,0.133,0.130,0.335,0.186,2.074,m,SINGLE,NONE,2026-03-11 11:33:36.0 UTC+01:00,2026-03-11 11:33:41.0 UTC+01:00,26,1.4,1.7,,,,,,,,,Global CS,,,,,,Reach RS2,824302D372E1EC90
66,,,,,,,4.61940521,50.66900575,177.733,Global,0.141,0.142,0.354,0.200,2.074,m,SINGLE,NONE,2026-03-11 11:33:58.2 UTC+01:00,2026-03-11 11:34:03.2 UTC+01:00,26,1.4,1.6,,,,,,,,,Global CS,,,,,,Reach RS2,824302D372E1EC90
67,,,,,,,4.61943796,50.66900675,178.549,Global,0.191,0.161,0.465,0.249,2.074,m,SINGLE,NONE,2026-03-11 11:34:21.4 UTC+01:00,2026-03-11 11:34:26.4 UTC+01:00,26,1.6,1.9,,,,,,,,,Global CS,,,,,,Reach RS2,824302D372E1EC90
68,,,,,,,4.61943102,50.66902113,179.791,Global,0.185,0.171,0.474,0.252,2.074,m,SINGLE,NONE,2026-03-11 11:35:03.8 UTC+01:00,2026-03-11 11:35:08.8 UTC+01:00,26,1.4,1.7,,,,,,,,,Global CS,,,,,,Reach RS2,824302D372E1EC90
69,,,,,,,4.61937079,50.66901940,178.257,Global,0.130,0.140,0.360,0.191,2.074,m,SINGLE,NONE,2026-03-11 11:36:00.6 UTC+01:00,2026-03-11 11:36:05.6 UTC+01:00,26,1.3,1.6,,,,,,,,,Global CS,,,,,,Reach RS2,824302D372E1EC90
70,,,,,,,4.61930878,50.66901602,178.586,Global,0.121,0.134,0.332,0.181,2.074,m,SINGLE,NONE,2026-03-11 11:36:34.8 UTC+01:00,2026-03-11 11:36:39.8 UTC+01:00,26,1.4,1.6,,,,,,,,,Global CS,,,,,,Reach RS2,824302D372E1EC90
71,,,,,,,4.61931172,50.66904355,178.130,Global,0.122,0.130,0.336,0.179,2.074,m,SINGLE,NONE,2026-03-11 11:36:58.8 UTC+01:00,2026-03-11 11:37:03.8 UTC+01:00,26,1.4,1.6,,,,,,,,,Global CS,,,,,,Reach RS2,824302D372E1EC90
72,,,,,,,4.61937136,50.66905138,177.404,Global,0.130,0.141,0.366,0.192,2.074,m,SINGLE,NONE,2026-03-11 11:37:26.0 UTC+01:00,2026-03-11 11:37:31.0 UTC+01:00,26,1.4,1.7,,,,,,,,,Global CS,,,,,,Reach RS2,824302D372E1EC90
73,,,,,,,4.61943255,50.66905142,177.782,Global,0.142,0.148,0.378,0.205,2.074,m,SINGLE,NONE,2026-03-11 11:37:51.2 UTC+01:00,2026-03-11 11:37:56.2 UTC+01:00,26,1.3,1.5,,,,,,,,,Global CS,,,,,,Reach RS2,824302D372E1EC90
74,,,,,,,4.61942695,50.66909933,178.084,Global,0.154,0.150,0.485,0.215,2.074,m,SINGLE,NONE,2026-03-11 11:38:45.6 UTC+01:00,2026-03-11 11:38:50.6 UTC+01:00,26,1.4,1.7,,,,,,,,,Global CS,,,,,,Reach RS2,824302D372E1EC90
75,,,,,,,4.61937972,50.66909191,176.001,Global,0.136,0.150,0.383,0.203,2.074,m,SINGLE,NONE,2026-03-11 11:39:05.6 UTC+01:00,2026-03-11 11:39:10.6 UTC+01:00,26,1.3,1.5,,,,,,,,,Global CS,,,,,,Reach RS2,824302D372E1EC90
76,,,,,,,4.61929362,50.66908687,177.004,Global,0.113,0.130,0.328,0.172,2.074,m,SINGLE,NONE,2026-03-11 11:39:41.8 UTC+01:00,2026-03-11 11:39:46.8 UTC+01:00,26,1.4,1.7,,,,,,,,,Global CS,,,,,,Reach RS2,824302D372E1EC90
77,,,,,,,4.61929621,50.66908985,176.515,Global,0.111,0.133,0.334,0.173,2.074,m,SINGLE,NONE,2026-03-11 11:40:04.0 UTC+01:00,2026-03-11 11:40:09.0 UTC+01:00,26,1.4,1.7,,,,,,,,,Global CS,,,,,,Reach RS2,824302D372E1EC90
78,,,,,,,4.61928928,50.66909511,177.025,Global,0.110,0.130,0.332,0.170,2.074,m,SINGLE,NONE,2026-03-11 11:40:45.8 UTC+01:00,2026-03-11 11:40:50.8 UTC+01:00,26,1.3,1.5,,,,,,,,,Global CS,,,,,,Reach RS2,824302D372E1EC90
79,,,,,,,4.61934665,50.66909542,177.483,Global,0.120,0.136,0.333,0.182,2.074,m,SINGLE,NONE,2026-03-11 11:41:10.8 UTC+01:00,2026-03-11 11:41:15.8 UTC+01:00,26,1.3,1.6,,,,,,,,,Global CS,,,,,,Reach RS2,824302D372E1EC90
80,,,,,,,4.61934910,50.66908727,177.418,Global,0.120,0.135,0.324,0.181,2.074,m,SINGLE,NONE,2026-03-11 11:41:37.6 UTC+01:00,2026-03-11 11:41:42.6 UTC+01:00,26,1.2,1.5,,,,,,,,,Global CS,,,,,,Reach RS2,824302D372E1EC90
81,,,,,,,4.61942243,50.66909207,177.570,Global,0.196,0.164,0.443,0.255,2.074,m,SINGLE,NONE,2026-03-11 11:41:57.4 UTC+01:00,2026-03-11 11:42:02.4 UTC+01:00,26,1.5,1.8,,,,,,,,,Global CS,,,,,,Reach RS2,824302D372E1EC90
82,,,,,,,4.61941877,50.66910148,177.286,Global,0.153,0.184,0.476,0.239,2.074,m,SINGLE,NONE,2026-03-11 11:42:15.8 UTC+01:00,2026-03-11 11:42:20.8 UTC+01:00,26,1.7,2.0,,,,,,,,,Global CS,,,,,,Reach RS2,824302D372E1EC90
83,,,,,,,4.61941550,50.66910986,178.817,Global,0.167,0.184,0.550,0.248,2.074,m,SINGLE,NONE,2026-03-11 11:42:43.2 UTC+01:00,2026-03-11 11:42:48.2 UTC+01:00,26,1.4,1.7,,,,,,,,,Global CS,,,,,,Reach RS2,824302D372E1EC90
84,,,,,,,4.61942596,50.66912554,176.695,Global,0.174,0.190,0.549,0.258,2.074,m,SINGLE,NONE,2026-03-11 11:43:14.0 UTC+01:00,2026-03-11 11:43:19.0 UTC+01:00,26,1.8,2.2,,,,,,,,,Global CS,,,,,,Reach RS2,824302D372E1EC90
85,,,,,,,4.61936229,50.66912251,176.033,Global,0.141,0.145,0.441,0.203,2.074,m,SINGLE,NONE,2026-03-11 11:43:56.6 UTC+01:00,2026-03-11 11:44:01.6 UTC+01:00,26,1.4,1.7,,,,,,,,,Global CS,,,,,,Reach RS2,824302D372E1EC90
86,,,,,,,4.61936346,50.66910233,176.749,Global,0.140,0.142,0.410,0.199,2.074,m,SINGLE,NONE,2026-03-11 11:44:23.4 UTC+01:00,2026-03-11 11:44:28.4 UTC+01:00,26,1.3,1.5,,,,,,,,,Global CS,,,,,,Reach RS2,824302D372E1EC90
87,,,,,,,4.61929546,50.66911910,176.999,Global,0.121,0.130,0.371,0.178,2.074,m,SINGLE,NONE,2026-03-11 11:44:51.6 UTC+01:00,2026-03-11 11:44:56.6 UTC+01:00,26,1.3,1.5,,,,,,,,,Global CS,,,,,,Reach RS2,824302D372E1EC90
88,,,,,,,4.61929496,50.66909925,176.713,Global,0.120,0.141,0.368,0.185,2.074,m,SINGLE,NONE,2026-03-11 11:45:14.0 UTC+01:00,2026-03-11 11:45:19.0 UTC+01:00,26,1.4,1.7,,,,,,,,,Global CS,,,,,,Reach RS2,824302D372E1EC90
89,,,,,,,4.61929193,50.66912192,176.066,Global,0.120,0.134,0.370,0.180,2.074,m,SINGLE,NONE,2026-03-11 11:45:37.6 UTC+01:00,2026-03-11 11:45:42.6 UTC+01:00,25,1.4,1.6,,,,,,,,,Global CS,,,,,,Reach RS2,824302D372E1EC90
90,,,,,,,4.61929049,50.66912959,176.005,Global,0.121,0.130,0.377,0.178,2.074,m,SINGLE,NONE,2026-03-11 11:45:59.0 UTC+01:00,2026-03-11 11:46:04.0 UTC+01:00,26,1.4,1.7,,,,,,,,,Global CS,,,,,,Reach RS2,824302D372E1EC90
91,,,,,,,4.61935308,50.66913010,175.792,Global,0.141,0.141,0.420,0.199,2.074,m,SINGLE,NONE,2026-03-11 11:46:23.4 UTC+01:00,2026-03-11 11:46:28.4 UTC+01:00,26,1.4,1.7,,,,,,,,,Global CS,,,,,,Reach RS2,824302D372E1EC90
92,,,,,,,4.61935297,50.66912453,175.930,Global,0.150,0.142,0.457,0.207,2.074,m,SINGLE,NONE,2026-03-11 11:46:46.4 UTC+01:00,2026-03-11 11:46:51.4 UTC+01:00,26,1.4,1.7,,,,,,,,,Global CS,,,,,,Reach RS2,824302D372E1EC90
93,,,,,,,4.61942386,50.66912841,175.789,Global,0.234,0.174,0.661,0.292,2.074,m,SINGLE,NONE,2026-03-11 11:47:09.6 UTC+01:00,2026-03-11 11:47:14.6 UTC+01:00,26,1.6,1.9,,,,,,,,,Global CS,,,,,,Reach RS2,824302D372E1EC90
94,,,,,,,4.61944115,50.66913712,172.964,Global,0.169,0.180,0.543,0.247,2.074,m,SINGLE,NONE,2026-03-11 11:47:28.8 UTC+01:00,2026-03-11 11:47:33.8 UTC+01:00,26,1.6,1.9,,,,,,,,,Global CS,,,,,,Reach RS2,824302D372E1EC90
95,,,,,,,4.61943399,50.66913914,174.508,Global,0.178,0.188,0.539,0.259,2.074,m,SINGLE,NONE,2026-03-11 11:47:49.6 UTC+01:00,2026-03-11 11:47:54.6 UTC+01:00,26,1.7,2.1,,,,,,,,,Global CS,,,,,,Reach RS2,824302D372E1EC90
96,,,,,,,4.61935698,50.66913590,176.072,Global,0.154,0.163,0.482,0.224,2.074,m,SINGLE,NONE,2026-03-11 11:48:15.0 UTC+01:00,2026-03-11 11:48:20.0 UTC+01:00,26,1.4,1.7,,,,,,,,,Global CS,,,,,,Reach RS2,824302D372E1EC90
97,,,,,,,4.61928809,50.66913224,176.170,Global,0.131,0.142,0.432,0.193,2.074,m,SINGLE,NONE,2026-03-11 11:48:36.0 UTC+01:00,2026-03-11 11:48:41.0 UTC+01:00,26,1.4,1.7,,,,,,,,,Global CS,,,,,,Reach RS2,824302D372E1EC90
98,,,,,,,4.61924310,50.66914202,175.206,Global,0.130,0.130,0.375,0.184,2.074,m,SINGLE,NONE,2026-03-11 11:49:23.0 UTC+01:00,2026-03-11 11:49:28.0 UTC+01:00,26,1.4,1.7,,,,,,,,,Global CS,,,,,,Reach RS2,824302D372E1EC90
99,,,,,,,4.61930433,50.66914788,174.808,Global,0.131,0.130,0.405,0.185,2.074,m,SINGLE,NONE,2026-03-11 11:49:46.0 UTC+01:00,2026-03-11 11:49:51.0 UTC+01:00,26,1.5,1.8,,,,,,,,,Global CS,,,,,,Reach RS2,824302D372E1EC90
100,,,,,,,4.61936130,50.66914939,174.693,Global,0.162,0.150,0.514,0.221,2.074,m,SINGLE,NONE,2026-03-11 11:50:08.6 UTC+01:00,2026-03-11 11:50:13.6 UTC+01:00,26,1.8,2.2,,,,,,,,,Global CS,,,,,,Reach RS2,824302D372E1EC90
101,,,,,,,4.61942244,50.66914807,176.311,Global,0.198,0.170,0.499,0.261,2.074,m,SINGLE,NONE,2026-03-11 11:50:30.0 UTC+01:00,2026-03-11 11:50:35.0 UTC+01:00,26,1.4,1.6,,,,,,,,,Global CS,,,,,,Reach RS2,824302D372E1EC90
102,,,,,,,4.61913541,50.66884947,179.370,Global,0.200,0.179,0.388,0.268,2.074,m,SINGLE,NONE,2026-03-11 11:52:15.8 UTC+01:00,2026-03-11 11:52:20.8 UTC+01:00,26,1.4,1.6,,,,,,,,,Global CS,,,,,,Reach RS2,824302D372E1EC90
103,,,,,,,4.61927627,50.66885221,179.986,Global,0.141,0.163,0.388,0.215,2.074,m,SINGLE,NONE,2026-03-11 11:52:40.8 UTC+01:00,2026-03-11 11:52:45.8 UTC+01:00,26,1.1,1.3,,,,,,,,,Global CS,,,,,,Reach RS2,824302D372E1EC90
104,,,,,,,4.61932226,50.66885969,180.616,Global,0.160,0.181,0.504,0.242,2.074,m,SINGLE,NONE,2026-03-11 11:53:02.2 UTC+01:00,2026-03-11 11:53:07.2 UTC+01:00,26,1.5,1.8,,,,,,,,,Global CS,,,,,,Reach RS2,824302D372E1EC90
105,,,,,,,4.61942956,50.66886527,179.483,Global,0.284,0.236,0.778,0.369,2.074,m,SINGLE,NONE,2026-03-11 11:53:25.4 UTC+01:00,2026-03-11 11:53:30.4 UTC+01:00,26,1.8,2.3,,,,,,,,,Global CS,,,,,,Reach RS2,824302D372E1EC90
